code,pack,category,name,image
ANIME-001,Anime Classics,Anime,,assets/catalogue/anime-classics/ANIME-001.webp
ANIME-002,Anime Classics,Anime,,assets/catalogue/anime-classics/ANIME-002.webp
ANIME-003,Anime Classics,Anime,,assets/catalogue/anime-classics/ANIME-003.webp
ANIME-004,Anime Classics,Anime,,assets/catalogue/anime-classics/ANIME-004.webp
ANIME-005,Anime Classics,Anime,,assets/catalogue/anime-classics/ANIME-005.webp
ANIME-006,Anime Classics,Anime,,assets/catalogue/anime-classics/ANIME-006.webp
ANIME-007,Anime Classics,Anime,,assets/catalogue/anime-classics/ANIME-007.webp
ANIME-008,Anime Classics,Anime,,assets/catalogue/anime-classics/ANIME-008.webp
ANIME-009,Anime Classics,Anime,,assets/catalogue/anime-classics/ANIME-009.webp
ANIME-010,Anime Classics,Anime,,assets/catalogue/anime-classics/ANIME-010.webp
ANIME-011,Anime Classics,Anime,,assets/catalogue/anime-classics/ANIME-011.webp
ANIME-012,Anime Classics,Anime,,assets/catalogue/anime-classics/ANIME-012.webp
ANIME-013,Anime Heroes,Anime,,assets/catalogue/anime-heroes/ANIME-013.webp
ANIME-014,Anime Heroes,Anime,,assets/catalogue/anime-heroes/ANIME-014.webp
ANIME-015,Anime Heroes,Anime,,assets/catalogue/anime-heroes/ANIME-015.webp
ANIME-016,Anime Heroes,Anime,,assets/catalogue/anime-heroes/ANIME-016.webp
ANIME-017,Anime Heroes,Anime,,assets/catalogue/anime-heroes/ANIME-017.webp
ANIME-018,Anime Heroes,Anime,,assets/catalogue/anime-heroes/ANIME-018.webp
ANIME-019,Anime Heroes,Anime,,assets/catalogue/anime-heroes/ANIME-019.webp
ANIME-020,Anime Heroes,Anime,,assets/catalogue/anime-heroes/ANIME-020.webp
ANIME-021,Anime Heroes,Anime,,assets/catalogue/anime-heroes/ANIME-021.webp
ANIME-022,Anime Heroes,Anime,,assets/catalogue/anime-heroes/ANIME-022.webp
ANIME-023,Anime Heroes,Anime,,assets/catalogue/anime-heroes/ANIME-023.webp
ANIME-024,Anime Heroes,Anime,,assets/catalogue/anime-heroes/ANIME-024.webp
AMEME-001,Anime Meme Pack,Anime Meme,,assets/catalogue/anime-meme/AMEME-001.webp
AMEME-002,Anime Meme Pack,Anime Meme,,assets/catalogue/anime-meme/AMEME-002.webp
AMEME-003,Anime Meme Pack,Anime Meme,,assets/catalogue/anime-meme/AMEME-003.webp
AMEME-004,Anime Meme Pack,Anime Meme,,assets/catalogue/anime-meme/AMEME-004.webp
AMEME-005,Anime Meme Pack,Anime Meme,,assets/catalogue/anime-meme/AMEME-005.webp
AMEME-006,Anime Meme Pack,Anime Meme,,assets/catalogue/anime-meme/AMEME-006.webp
AMEME-007,Anime Meme Pack,Anime Meme,,assets/catalogue/anime-meme/AMEME-007.webp
AMEME-008,Anime Meme Pack,Anime Meme,,assets/catalogue/anime-meme/AMEME-008.webp
AMEME-009,Anime Meme Pack,Anime Meme,,assets/catalogue/anime-meme/AMEME-009.webp
AMEME-010,Anime Meme Pack,Anime Meme,,assets/catalogue/anime-meme/AMEME-010.webp
AMEME-011,Anime Meme Pack,Anime Meme,,assets/catalogue/anime-meme/AMEME-011.webp
AMEME-012,Anime Meme Pack,Anime Meme,,assets/catalogue/anime-meme/AMEME-012.webp
AMEME-013,Anime Meme Pack,Anime Meme,,assets/catalogue/anime-meme/AMEME-013.webp
AMEME-014,Anime Meme Pack,Anime Meme,,assets/catalogue/anime-meme/AMEME-014.webp
AMEME-015,Anime Meme Pack,Anime Meme,,assets/catalogue/anime-meme/AMEME-015.webp
AMEME-016,Anime Meme Pack,Anime Meme,,assets/catalogue/anime-meme/AMEME-016.webp
FEEL-001,Feel Good Pack,Feel Good,,assets/catalogue/feel-good/FEEL-001.webp
FEEL-002,Feel Good Pack,Feel Good,,assets/catalogue/feel-good/FEEL-002.webp
FEEL-003,Feel Good Pack,Feel Good,,assets/catalogue/feel-good/FEEL-003.webp
FEEL-004,Feel Good Pack,Feel Good,,assets/catalogue/feel-good/FEEL-004.webp
FEEL-005,Feel Good Pack,Feel Good,,assets/catalogue/feel-good/FEEL-005.webp
FEEL-006,Feel Good Pack,Feel Good,,assets/catalogue/feel-good/FEEL-006.webp
FEEL-007,Feel Good Pack,Feel Good,,assets/catalogue/feel-good/FEEL-007.webp
FEEL-008,Feel Good Pack,Feel Good,,assets/catalogue/feel-good/FEEL-008.webp
FEEL-009,Feel Good Pack,Feel Good,,assets/catalogue/feel-good/FEEL-009.webp
FEEL-010,Feel Good Pack,Feel Good,,assets/catalogue/feel-good/FEEL-010.webp
FEEL-011,Feel Good Pack,Feel Good,,assets/catalogue/feel-good/FEEL-011.webp
FEEL-012,Feel Good Pack,Feel Good,,assets/catalogue/feel-good/FEEL-012.webp
FEEL-013,Feel Good Pack,Feel Good,,assets/catalogue/feel-good/FEEL-013.webp
FEEL-014,Feel Good Pack,Feel Good,,assets/catalogue/feel-good/FEEL-014.webp
FEEL-015,Feel Good Pack,Feel Good,,assets/catalogue/feel-good/FEEL-015.webp
FEEL-016,Feel Good Pack,Feel Good,,assets/catalogue/feel-good/FEEL-016.webp
MOTU-001,Team Motu Pack,Motu vs Bheem,,assets/catalogue/team-motu/MOTU-001.webp
MOTU-002,Team Motu Pack,Motu vs Bheem,,assets/catalogue/team-motu/MOTU-002.webp
MOTU-003,Team Motu Pack,Motu vs Bheem,,assets/catalogue/team-motu/MOTU-003.webp
MOTU-004,Team Motu Pack,Motu vs Bheem,,assets/catalogue/team-motu/MOTU-004.webp
MOTU-005,Team Motu Pack,Motu vs Bheem,,assets/catalogue/team-motu/MOTU-005.webp
MOTU-006,Team Motu Pack,Motu vs Bheem,,assets/catalogue/team-motu/MOTU-006.webp
MOTU-007,Team Motu Pack,Motu vs Bheem,,assets/catalogue/team-motu/MOTU-007.webp
MOTU-008,Team Motu Pack,Motu vs Bheem,,assets/catalogue/team-motu/MOTU-008.webp
MOTU-009,Team Motu Pack,Motu vs Bheem,,assets/catalogue/team-motu/MOTU-009.webp
MOTU-010,Team Motu Pack,Motu vs Bheem,,assets/catalogue/team-motu/MOTU-010.webp
MOTU-011,Team Motu Pack,Motu vs Bheem,,assets/catalogue/team-motu/MOTU-011.webp
MOTU-012,Team Motu Pack,Motu vs Bheem,,assets/catalogue/team-motu/MOTU-012.webp
MOTU-013,Team Motu Pack,Motu vs Bheem,,assets/catalogue/team-motu/MOTU-013.webp
MOTU-014,Team Motu Pack,Motu vs Bheem,,assets/catalogue/team-motu/MOTU-014.webp
MOTU-015,Team Motu Pack,Motu vs Bheem,,assets/catalogue/team-motu/MOTU-015.webp
MOTU-016,Team Motu Pack,Motu vs Bheem,,assets/catalogue/team-motu/MOTU-016.webp
BHEEM-001,Team Bheem Pack,Motu vs Bheem,,assets/catalogue/team-bheem/BHEEM-001.webp
BHEEM-002,Team Bheem Pack,Motu vs Bheem,,assets/catalogue/team-bheem/BHEEM-002.webp
BHEEM-003,Team Bheem Pack,Motu vs Bheem,,assets/catalogue/team-bheem/BHEEM-003.webp
BHEEM-004,Team Bheem Pack,Motu vs Bheem,,assets/catalogue/team-bheem/BHEEM-004.webp
BHEEM-005,Team Bheem Pack,Motu vs Bheem,,assets/catalogue/team-bheem/BHEEM-005.webp
BHEEM-006,Team Bheem Pack,Motu vs Bheem,,assets/catalogue/team-bheem/BHEEM-006.webp
BHEEM-007,Team Bheem Pack,Motu vs Bheem,,assets/catalogue/team-bheem/BHEEM-007.webp
BHEEM-008,Team Bheem Pack,Motu vs Bheem,,assets/catalogue/team-bheem/BHEEM-008.webp
BHEEM-009,Team Bheem Pack,Motu vs Bheem,,assets/catalogue/team-bheem/BHEEM-009.webp
BHEEM-010,Team Bheem Pack,Motu vs Bheem,,assets/catalogue/team-bheem/BHEEM-010.webp
BHEEM-011,Team Bheem Pack,Motu vs Bheem,,assets/catalogue/team-bheem/BHEEM-011.webp
BHEEM-012,Team Bheem Pack,Motu vs Bheem,,assets/catalogue/team-bheem/BHEEM-012.webp
BHEEM-013,Team Bheem Pack,Motu vs Bheem,,assets/catalogue/team-bheem/BHEEM-013.webp
BHEEM-014,Team Bheem Pack,Motu vs Bheem,,assets/catalogue/team-bheem/BHEEM-014.webp
BHEEM-015,Team Bheem Pack,Motu vs Bheem,,assets/catalogue/team-bheem/BHEEM-015.webp
BHEEM-016,Team Bheem Pack,Motu vs Bheem,,assets/catalogue/team-bheem/BHEEM-016.webp
DIWALI-001,Diwali Devotional Pack,Diwali,,assets/catalogue/diwali-01/DIWALI-001.webp
DIWALI-002,Diwali Devotional Pack,Diwali,,assets/catalogue/diwali-01/DIWALI-002.webp
DIWALI-003,Diwali Devotional Pack,Diwali,,assets/catalogue/diwali-01/DIWALI-003.webp
DIWALI-004,Diwali Devotional Pack,Diwali,,assets/catalogue/diwali-01/DIWALI-004.webp
DIWALI-005,Diwali Devotional Pack,Diwali,,assets/catalogue/diwali-01/DIWALI-005.webp
DIWALI-006,Diwali Devotional Pack,Diwali,,assets/catalogue/diwali-01/DIWALI-006.webp
DIWALI-007,Diwali Devotional Pack,Diwali,,assets/catalogue/diwali-01/DIWALI-007.webp
DIWALI-008,Diwali Devotional Pack,Diwali,,assets/catalogue/diwali-01/DIWALI-008.webp
DIWALI-009,Diwali Devotional Pack,Diwali,,assets/catalogue/diwali-01/DIWALI-009.webp
DIWALI-010,Diwali Devotional Pack,Diwali,,assets/catalogue/diwali-01/DIWALI-010.webp
DIWALI-011,Diwali Devotional Pack,Diwali,,assets/catalogue/diwali-01/DIWALI-011.webp
DIWALI-012,Diwali Devotional Pack,Diwali,,assets/catalogue/diwali-01/DIWALI-012.webp
DIWALI-013,Diwali Festive Pack,Diwali,,assets/catalogue/diwali-02/DIWALI-013.webp
DIWALI-014,Diwali Festive Pack,Diwali,,assets/catalogue/diwali-02/DIWALI-014.webp
DIWALI-015,Diwali Festive Pack,Diwali,,assets/catalogue/diwali-02/DIWALI-015.webp
DIWALI-016,Diwali Festive Pack,Diwali,,assets/catalogue/diwali-02/DIWALI-016.webp
DIWALI-017,Diwali Festive Pack,Diwali,,assets/catalogue/diwali-02/DIWALI-017.webp
DIWALI-018,Diwali Festive Pack,Diwali,,assets/catalogue/diwali-02/DIWALI-018.webp
DIWALI-019,Diwali Festive Pack,Diwali,,assets/catalogue/diwali-02/DIWALI-019.webp
DIWALI-020,Diwali Festive Pack,Diwali,,assets/catalogue/diwali-02/DIWALI-020.webp
DIWALI-021,Diwali Festive Pack,Diwali,,assets/catalogue/diwali-02/DIWALI-021.webp
DIWALI-022,Diwali Festive Pack,Diwali,,assets/catalogue/diwali-02/DIWALI-022.webp
DIWALI-023,Diwali Festive Pack,Diwali,,assets/catalogue/diwali-02/DIWALI-023.webp
DIWALI-024,Diwali Festive Pack,Diwali,,assets/catalogue/diwali-02/DIWALI-024.webp
CUTE-001,Cute Mood Pack,Cute / Relatable,,assets/catalogue/cute-mood/CUTE-001.webp
CUTE-002,Cute Mood Pack,Cute / Relatable,,assets/catalogue/cute-mood/CUTE-002.webp
CUTE-003,Cute Mood Pack,Cute / Relatable,,assets/catalogue/cute-mood/CUTE-003.webp
CUTE-004,Cute Mood Pack,Cute / Relatable,,assets/catalogue/cute-mood/CUTE-004.webp
CUTE-005,Cute Mood Pack,Cute / Relatable,,assets/catalogue/cute-mood/CUTE-005.webp
CUTE-006,Cute Mood Pack,Cute / Relatable,,assets/catalogue/cute-mood/CUTE-006.webp
CUTE-007,Cute Mood Pack,Cute / Relatable,,assets/catalogue/cute-mood/CUTE-007.webp
CUTE-008,Cute Mood Pack,Cute / Relatable,,assets/catalogue/cute-mood/CUTE-008.webp
CUTE-009,Cute Mood Pack,Cute / Relatable,,assets/catalogue/cute-mood/CUTE-009.webp
CUTE-010,Cute Mood Pack,Cute / Relatable,,assets/catalogue/cute-mood/CUTE-010.webp
CUTE-011,Cute Mood Pack,Cute / Relatable,,assets/catalogue/cute-mood/CUTE-011.webp
CUTE-012,Cute Mood Pack,Cute / Relatable,,assets/catalogue/cute-mood/CUTE-012.webp
CUTE-013,Cute Mood Pack,Cute / Relatable,,assets/catalogue/cute-mood/CUTE-013.webp
CUTE-014,Cute Mood Pack,Cute / Relatable,,assets/catalogue/cute-mood/CUTE-014.webp
CUTE-015,Cute Mood Pack,Cute / Relatable,,assets/catalogue/cute-mood/CUTE-015.webp
CUTE-016,Cute Mood Pack,Cute / Relatable,,assets/catalogue/cute-mood/CUTE-016.webp
ENG-001,Engineering & Campus Pack,Engineering / Coding,,assets/catalogue/engineering-campus/ENG-001.webp
ENG-002,Engineering & Campus Pack,Engineering / Coding,,assets/catalogue/engineering-campus/ENG-002.webp
ENG-003,Engineering & Campus Pack,Engineering / Coding,,assets/catalogue/engineering-campus/ENG-003.webp
ENG-004,Engineering & Campus Pack,Engineering / Coding,,assets/catalogue/engineering-campus/ENG-004.webp
ENG-005,Engineering & Campus Pack,Engineering / Coding,,assets/catalogue/engineering-campus/ENG-005.webp
ENG-006,Engineering & Campus Pack,Engineering / Coding,,assets/catalogue/engineering-campus/ENG-006.webp
ENG-007,Engineering & Campus Pack,Engineering / Coding,,assets/catalogue/engineering-campus/ENG-007.webp
ENG-008,Engineering & Campus Pack,Engineering / Coding,,assets/catalogue/engineering-campus/ENG-008.webp
ENG-009,Engineering & Campus Pack,Engineering / Coding,,assets/catalogue/engineering-campus/ENG-009.webp
ENG-010,Engineering & Campus Pack,Engineering / Coding,,assets/catalogue/engineering-campus/ENG-010.webp
ENG-011,Engineering & Campus Pack,Engineering / Coding,,assets/catalogue/engineering-campus/ENG-011.webp
ENG-012,Engineering & Campus Pack,Engineering / Coding,,assets/catalogue/engineering-campus/ENG-012.webp
FRIEND-001,Friendship Pack,Friendship,,assets/catalogue/friendship/FRIEND-001.webp
FRIEND-002,Friendship Pack,Friendship,,assets/catalogue/friendship/FRIEND-002.webp
FRIEND-003,Friendship Pack,Friendship,,assets/catalogue/friendship/FRIEND-003.webp
FRIEND-004,Friendship Pack,Friendship,,assets/catalogue/friendship/FRIEND-004.webp
FRIEND-005,Friendship Pack,Friendship,,assets/catalogue/friendship/FRIEND-005.webp
FRIEND-006,Friendship Pack,Friendship,,assets/catalogue/friendship/FRIEND-006.webp
FOX-001,New Originals,Cute,Kitsu Star,assets/stickers/kitsu-star.webp
ORIG-002,New Originals,Anime,Flame Hero,assets/stickers/anime-flame.webp
ORIG-003,New Originals,Anime Meme,Coffee Mood,assets/stickers/coffee-meme.webp
ORIG-004,New Originals,Feel Good,Sunny Days,assets/stickers/sunshine.webp
ORIG-005,New Originals,Motu vs Bheem,Joyful Celebration,assets/stickers/joyful-motu.webp
ORIG-006,New Originals,Motu vs Bheem,Brave Adventure,assets/stickers/brave-bheem.webp
ORIG-007,New Originals,Diwali,Festive Diya,assets/stickers/diya.webp
ORIG-008,New Originals,Cute / Relatable,Sleepy Cat,assets/stickers/sleepy-cat.webp
ORIG-009,New Originals,Anime,Violet Star Hero,assets/stickers/violet-hero.webp
ORIG-010,New Originals,Diwali,Diwali Sparkle,assets/stickers/festive.webp
ORIG-011,New Originals,Engineering,Code and Coffee,assets/stickers/engineer.webp
ORIG-012,New Originals,Friendship,Fox Friends,assets/stickers/fox-friends.webp
